algorithm,generator,m,seed,0
Balanced Sequential Insert,Constant,3,0,3825.0
Balanced Sequential Insert,Constant,3,1,3825.0
Balanced Sequential Insert,Constant,3,2,3825.0
Balanced Sequential Insert,Constant,3,3,3825.0
Balanced Sequential Insert,Constant,3,4,3825.0
Balanced Sequential Insert,Constant,3,5,3825.0
Balanced Sequential Insert,Constant,3,6,3825.0
Balanced Sequential Insert,Constant,3,7,3825.0
Balanced Sequential Insert,Constant,3,8,3825.0
Balanced Sequential Insert,Constant,3,9,3825.0
Balanced Sequential Insert,+1 Increasing,3,0,304889.0
Balanced Sequential Insert,+1 Increasing,3,1,304889.0
Balanced Sequential Insert,+1 Increasing,3,2,304889.0
Balanced Sequential Insert,+1 Increasing,3,3,304889.0
Balanced Sequential Insert,+1 Increasing,3,4,304889.0
Balanced Sequential Insert,+1 Increasing,3,5,304889.0
Balanced Sequential Insert,+1 Increasing,3,6,304889.0
Balanced Sequential Insert,+1 Increasing,3,7,304889.0
Balanced Sequential Insert,+1 Increasing,3,8,304889.0
Balanced Sequential Insert,+1 Increasing,3,9,304889.0
Balanced Sequential Insert,-1 Decreasing,3,0,226226.0
Balanced Sequential Insert,-1 Decreasing,3,1,226226.0
Balanced Sequential Insert,-1 Decreasing,3,2,226226.0
Balanced Sequential Insert,-1 Decreasing,3,3,226226.0
Balanced Sequential Insert,-1 Decreasing,3,4,226226.0
Balanced Sequential Insert,-1 Decreasing,3,5,226226.0
Balanced Sequential Insert,-1 Decreasing,3,6,226226.0
Balanced Sequential Insert,-1 Decreasing,3,7,226226.0
Balanced Sequential Insert,-1 Decreasing,3,8,226226.0
Balanced Sequential Insert,-1 Decreasing,3,9,226226.0
Balanced Sequential Insert,Random Small,3,0,169347.0
Balanced Sequential Insert,Random Small,3,1,168632.0
Balanced Sequential Insert,Random Small,3,2,197385.0
Balanced Sequential Insert,Random Small,3,3,165717.0
Balanced Sequential Insert,Random Small,3,4,178978.0
Balanced Sequential Insert,Random Small,3,5,163497.0
Balanced Sequential Insert,Random Small,3,6,187583.0
Balanced Sequential Insert,Random Small,3,7,176598.0
Balanced Sequential Insert,Random Small,3,8,187169.0
Balanced Sequential Insert,Random Small,3,9,188853.0
Balanced Sequential Insert,Random Small Span Large,3,0,382785457.0
Balanced Sequential Insert,Random Small Span Large,3,1,382787564.0
Balanced Sequential Insert,Random Small Span Large,3,2,382808500.0
Balanced Sequential Insert,Random Small Span Large,3,3,382782907.0
Balanced Sequential Insert,Random Small Span Large,3,4,382792594.0
Balanced Sequential Insert,Random Small Span Large,3,5,382782773.0
Balanced Sequential Insert,Random Small Span Large,3,6,382797558.0
Balanced Sequential Insert,Random Small Span Large,3,7,382793120.0
Balanced Sequential Insert,Random Small Span Large,3,8,382797167.0
Balanced Sequential Insert,Random Small Span Large,3,9,382797730.0
Balanced Sequential Insert,Random Large Span Large,3,0,1743743243.0
Balanced Sequential Insert,Random Large Span Large,3,1,1721057469.0
Balanced Sequential Insert,Random Large Span Large,3,2,1792584310.0
Balanced Sequential Insert,Random Large Span Large,3,3,1683359827.0
Balanced Sequential Insert,Random Large Span Large,3,4,1800634350.0
Balanced Sequential Insert,Random Large Span Large,3,5,1790366491.0
Balanced Sequential Insert,Random Large Span Large,3,6,1687807603.0
Balanced Sequential Insert,Random Large Span Large,3,7,1868848477.0
Balanced Sequential Insert,Random Large Span Large,3,8,1789317310.0
Balanced Sequential Insert,Random Large Span Large,3,9,1883654172.0
Balanced Sequential Insert,"Random Half Low, Half High",3,0,1715537.0
Balanced Sequential Insert,"Random Half Low, Half High",3,1,1685138.0
Balanced Sequential Insert,"Random Half Low, Half High",3,2,1751802.0
Balanced Sequential Insert,"Random Half Low, Half High",3,3,1730671.0
Balanced Sequential Insert,"Random Half Low, Half High",3,4,1678196.0
Balanced Sequential Insert,"Random Half Low, Half High",3,5,1713467.0
Balanced Sequential Insert,"Random Half Low, Half High",3,6,1739623.0
Balanced Sequential Insert,"Random Half Low, Half High",3,7,1737844.0
Balanced Sequential Insert,"Random Half Low, Half High",3,8,1750421.0
Balanced Sequential Insert,"Random Half Low, Half High",3,9,1731771.0
Balanced Sequential Insert,"Random Half High, Half Low",3,0,1176754.0
Balanced Sequential Insert,"Random Half High, Half Low",3,1,1151969.0
Balanced Sequential Insert,"Random Half High, Half Low",3,2,1193219.0
Balanced Sequential Insert,"Random Half High, Half Low",3,3,1152977.0
Balanced Sequential Insert,"Random Half High, Half Low",3,4,1177765.0
Balanced Sequential Insert,"Random Half High, Half Low",3,5,1156053.0
Balanced Sequential Insert,"Random Half High, Half Low",3,6,1180827.0
Balanced Sequential Insert,"Random Half High, Half Low",3,7,1176890.0
Balanced Sequential Insert,"Random Half High, Half Low",3,8,1189937.0
Balanced Sequential Insert,"Random Half High, Half Low",3,9,1179724.0
Balanced Sequential Insert,Random Non-Decreasing Large Span,3,0,219252647.0
Balanced Sequential Insert,Random Non-Decreasing Large Span,3,1,221620701.0
Balanced Sequential Insert,Random Non-Decreasing Large Span,3,2,197494698.0
Balanced Sequential Insert,Random Non-Decreasing Large Span,3,3,193990209.0
Balanced Sequential Insert,Random Non-Decreasing Large Span,3,4,217244371.0
Balanced Sequential Insert,Random Non-Decreasing Large Span,3,5,190643032.0
Balanced Sequential Insert,Random Non-Decreasing Large Span,3,6,175405694.0
Balanced Sequential Insert,Random Non-Decreasing Large Span,3,7,213612961.0
Balanced Sequential Insert,Random Non-Decreasing Large Span,3,8,192291324.0
Balanced Sequential Insert,Random Non-Decreasing Large Span,3,9,206470842.0
Balanced Sequential Insert,Random Non-Increasing Large Span,3,0,162133817.0
Balanced Sequential Insert,Random Non-Increasing Large Span,3,1,163023721.0
Balanced Sequential Insert,Random Non-Increasing Large Span,3,2,152027835.0
Balanced Sequential Insert,Random Non-Increasing Large Span,3,3,142992480.0
Balanced Sequential Insert,Random Non-Increasing Large Span,3,4,166935553.0
Balanced Sequential Insert,Random Non-Increasing Large Span,3,5,142605307.0
Balanced Sequential Insert,Random Non-Increasing Large Span,3,6,127710761.0
Balanced Sequential Insert,Random Non-Increasing Large Span,3,7,157540368.0
Balanced Sequential Insert,Random Non-Increasing Large Span,3,8,141914040.0
Balanced Sequential Insert,Random Non-Increasing Large Span,3,9,154835747.0
DP,Constant,3,0,3825.0
DP,Constant,3,1,3825.0
DP,Constant,3,2,3825.0
DP,Constant,3,3,3825.0
DP,Constant,3,4,3825.0
DP,Constant,3,5,3825.0
DP,Constant,3,6,3825.0
DP,Constant,3,7,3825.0
DP,Constant,3,8,3825.0
DP,Constant,3,9,3825.0
DP,+1 Increasing,3,0,304468.0
DP,+1 Increasing,3,1,304468.0
DP,+1 Increasing,3,2,304468.0
DP,+1 Increasing,3,3,304468.0
DP,+1 Increasing,3,4,304468.0
DP,+1 Increasing,3,5,304468.0
DP,+1 Increasing,3,6,304468.0
DP,+1 Increasing,3,7,304468.0
DP,+1 Increasing,3,8,304468.0
DP,+1 Increasing,3,9,304468.0
DP,-1 Decreasing,3,0,195075.0
DP,-1 Decreasing,3,1,195075.0
DP,-1 Decreasing,3,2,195075.0
DP,-1 Decreasing,3,3,195075.0
DP,-1 Decreasing,3,4,195075.0
DP,-1 Decreasing,3,5,195075.0
DP,-1 Decreasing,3,6,195075.0
DP,-1 Decreasing,3,7,195075.0
DP,-1 Decreasing,3,8,195075.0
DP,-1 Decreasing,3,9,195075.0
DP,Random Small,3,0,140383.0
DP,Random Small,3,1,146760.0
DP,Random Small,3,2,171500.0
DP,Random Small,3,3,145847.0
DP,Random Small,3,4,154454.0
DP,Random Small,3,5,135469.0
DP,Random Small,3,6,162837.0
DP,Random Small,3,7,152439.0
DP,Random Small,3,8,155093.0
DP,Random Small,3,9,157217.0
DP,Random Small Span Large,3,0,382644605.0
DP,Random Small Span Large,3,1,382653731.0
DP,Random Small Span Large,3,2,382674768.0
DP,Random Small Span Large,3,3,382649457.0
DP,Random Small Span Large,3,4,382657109.0
DP,Random Small Span Large,3,5,382639930.0
DP,Random Small Span Large,3,6,382665881.0
DP,Random Small Span Large,3,7,382658256.0
DP,Random Small Span Large,3,8,382658559.0
DP,Random Small Span Large,3,9,382661267.0
DP,Random Large Span Large,3,0,1477718852.0
DP,Random Large Span Large,3,1,1493598884.0
DP,Random Large Span Large,3,2,1561989831.0
DP,Random Large Span Large,3,3,1377257113.0
DP,Random Large Span Large,3,4,1496864590.0
DP,Random Large Span Large,3,5,1529076558.0
DP,Random Large Span Large,3,6,1396338494.0
DP,Random Large Span Large,3,7,1569529230.0
DP,Random Large Span Large,3,8,1540500441.0
DP,Random Large Span Large,3,9,1613730260.0
DP,"Random Half Low, Half High",3,0,1481941.0
DP,"Random Half Low, Half High",3,1,1496610.0
DP,"Random Half Low, Half High",3,2,1516422.0
DP,"Random Half Low, Half High",3,3,1497863.0
DP,"Random Half Low, Half High",3,4,1524054.0
DP,"Random Half Low, Half High",3,5,1482258.0
DP,"Random Half Low, Half High",3,6,1506280.0
DP,"Random Half Low, Half High",3,7,1505593.0
DP,"Random Half Low, Half High",3,8,1517498.0
DP,"Random Half Low, Half High",3,9,1499313.0
DP,"Random Half High, Half Low",3,0,1044443.0
DP,"Random Half High, Half Low",3,1,1033617.0
DP,"Random Half High, Half Low",3,2,1064790.0
DP,"Random Half High, Half Low",3,3,1038274.0
DP,"Random Half High, Half Low",3,4,1059627.0
DP,"Random Half High, Half Low",3,5,1032992.0
DP,"Random Half High, Half Low",3,6,1052955.0
DP,"Random Half High, Half Low",3,7,1051436.0
DP,"Random Half High, Half Low",3,8,1059845.0
DP,"Random Half High, Half Low",3,9,1050316.0
DP,Random Non-Decreasing Large Span,3,0,219115703.0
DP,Random Non-Decreasing Large Span,3,1,221216050.0
DP,Random Non-Decreasing Large Span,3,2,197235977.0
DP,Random Non-Decreasing Large Span,3,3,193471766.0
DP,Random Non-Decreasing Large Span,3,4,216985140.0
DP,Random Non-Decreasing Large Span,3,5,190576013.0
DP,Random Non-Decreasing Large Span,3,6,175362291.0
DP,Random Non-Decreasing Large Span,3,7,213387629.0
DP,Random Non-Decreasing Large Span,3,8,191253421.0
DP,Random Non-Decreasing Large Span,3,9,205970301.0
DP,Random Non-Increasing Large Span,3,0,141886299.0
DP,Random Non-Increasing Large Span,3,1,142931433.0
DP,Random Non-Increasing Large Span,3,2,130087825.0
DP,Random Non-Increasing Large Span,3,3,123194878.0
DP,Random Non-Increasing Large Span,3,4,144608858.0
DP,Random Non-Increasing Large Span,3,5,122163683.0
DP,Random Non-Increasing Large Span,3,6,107079749.0
DP,Random Non-Increasing Large Span,3,7,137878571.0
DP,Random Non-Increasing Large Span,3,8,121389830.0
DP,Random Non-Increasing Large Span,3,9,132637304.0
Heavy First,Constant,3,0,3825.0
Heavy First,Constant,3,1,3825.0
Heavy First,Constant,3,2,3825.0
Heavy First,Constant,3,3,3825.0
Heavy First,Constant,3,4,3825.0
Heavy First,Constant,3,5,3825.0
Heavy First,Constant,3,6,3825.0
Heavy First,Constant,3,7,3825.0
Heavy First,Constant,3,8,3825.0
Heavy First,Constant,3,9,3825.0
Heavy First,+1 Increasing,3,0,382500.0
Heavy First,+1 Increasing,3,1,382500.0
Heavy First,+1 Increasing,3,2,382500.0
Heavy First,+1 Increasing,3,3,382500.0
Heavy First,+1 Increasing,3,4,382500.0
Heavy First,+1 Increasing,3,5,382500.0
Heavy First,+1 Increasing,3,6,382500.0
Heavy First,+1 Increasing,3,7,382500.0
Heavy First,+1 Increasing,3,8,382500.0
Heavy First,+1 Increasing,3,9,382500.0
Heavy First,-1 Decreasing,3,0,195075.0
Heavy First,-1 Decreasing,3,1,195075.0
Heavy First,-1 Decreasing,3,2,195075.0
Heavy First,-1 Decreasing,3,3,195075.0
Heavy First,-1 Decreasing,3,4,195075.0
Heavy First,-1 Decreasing,3,5,195075.0
Heavy First,-1 Decreasing,3,6,195075.0
Heavy First,-1 Decreasing,3,7,195075.0
Heavy First,-1 Decreasing,3,8,195075.0
Heavy First,-1 Decreasing,3,9,195075.0
Heavy First,Random Small,3,0,169450.0
Heavy First,Random Small,3,1,181402.0
Heavy First,Random Small,3,2,200707.0
Heavy First,Random Small,3,3,175559.0
Heavy First,Random Small,3,4,182789.0
Heavy First,Random Small,3,5,174009.0
Heavy First,Random Small,3,6,192027.0
Heavy First,Random Small,3,7,184344.0
Heavy First,Random Small,3,8,185321.0
Heavy First,Random Small,3,9,190928.0
Heavy First,Random Small Span Large,3,0,382677063.0
Heavy First,Random Small Span Large,3,1,382686350.0
Heavy First,Random Small Span Large,3,2,382705984.0
Heavy First,Random Small Span Large,3,3,382680091.0
Heavy First,Random Small Span Large,3,4,382687357.0
Heavy First,Random Small Span Large,3,5,382676795.0
Heavy First,Random Small Span Large,3,6,382696072.0
Heavy First,Random Small Span Large,3,7,382688361.0
Heavy First,Random Small Span Large,3,8,382689151.0
Heavy First,Random Small Span Large,3,9,382699386.0
Heavy First,Random Large Span Large,3,0,1766875996.0
Heavy First,Random Large Span Large,3,1,1832072970.0
Heavy First,Random Large Span Large,3,2,1888736595.0
Heavy First,Random Large Span Large,3,3,1725017497.0
Heavy First,Random Large Span Large,3,4,1758037786.0
Heavy First,Random Large Span Large,3,5,1847011573.0
Heavy First,Random Large Span Large,3,6,1720746845.0
Heavy First,Random Large Span Large,3,7,1870333447.0
Heavy First,Random Large Span Large,3,8,1875548179.0
Heavy First,Random Large Span Large,3,9,1958764255.0
Heavy First,"Random Half Low, Half High",3,0,2742316.0
Heavy First,"Random Half Low, Half High",3,1,2755303.0
Heavy First,"Random Half Low, Half High",3,2,2770934.0
Heavy First,"Random Half Low, Half High",3,3,2743542.0
Heavy First,"Random Half Low, Half High",3,4,2751445.0
Heavy First,"Random Half Low, Half High",3,5,2742846.0
Heavy First,"Random Half Low, Half High",3,6,2763815.0
Heavy First,"Random Half Low, Half High",3,7,2753874.0
Heavy First,"Random Half Low, Half High",3,8,2754382.0
Heavy First,"Random Half Low, Half High",3,9,2761830.0
Heavy First,"Random Half High, Half Low",3,0,1062320.0
Heavy First,"Random Half High, Half Low",3,1,1050353.0
Heavy First,"Random Half High, Half Low",3,2,1079849.0
Heavy First,"Random Half High, Half Low",3,3,1052656.0
Heavy First,"Random Half High, Half Low",3,4,1071469.0
Heavy First,"Random Half High, Half Low",3,5,1051430.0
Heavy First,"Random Half High, Half Low",3,6,1069003.0
Heavy First,"Random Half High, Half Low",3,7,1066060.0
Heavy First,"Random Half High, Half Low",3,8,1074497.0
Heavy First,"Random Half High, Half Low",3,9,1068766.0
Heavy First,Random Non-Decreasing Large Span,3,0,271264395.0
Heavy First,Random Non-Decreasing Large Span,3,1,272589040.0
Heavy First,Random Non-Decreasing Large Span,3,2,245131670.0
Heavy First,Random Non-Decreasing Large Span,3,3,244749773.0
Heavy First,Random Non-Decreasing Large Span,3,4,267902194.0
Heavy First,Random Non-Decreasing Large Span,3,5,237868890.0
Heavy First,Random Non-Decreasing Large Span,3,6,230721454.0
Heavy First,Random Non-Decreasing Large Span,3,7,262987980.0
Heavy First,Random Non-Decreasing Large Span,3,8,242839114.0
Heavy First,Random Non-Decreasing Large Span,3,9,259911277.0
Heavy First,Random Non-Increasing Large Span,3,0,141886299.0
Heavy First,Random Non-Increasing Large Span,3,1,142931433.0
Heavy First,Random Non-Increasing Large Span,3,2,130087825.0
Heavy First,Random Non-Increasing Large Span,3,3,123194878.0
Heavy First,Random Non-Increasing Large Span,3,4,144608858.0
Heavy First,Random Non-Increasing Large Span,3,5,122163683.0
Heavy First,Random Non-Increasing Large Span,3,6,107079749.0
Heavy First,Random Non-Increasing Large Span,3,7,137878571.0
Heavy First,Random Non-Increasing Large Span,3,8,121389830.0
Heavy First,Random Non-Increasing Large Span,3,9,132637304.0
Least Loaded,Constant,3,0,3825.0
Least Loaded,Constant,3,1,3825.0
Least Loaded,Constant,3,2,3825.0
Least Loaded,Constant,3,3,3825.0
Least Loaded,Constant,3,4,3825.0
Least Loaded,Constant,3,5,3825.0
Least Loaded,Constant,3,6,3825.0
Least Loaded,Constant,3,7,3825.0
Least Loaded,Constant,3,8,3825.0
Least Loaded,Constant,3,9,3825.0
Least Loaded,+1 Increasing,3,0,382500.0
Least Loaded,+1 Increasing,3,1,382500.0
Least Loaded,+1 Increasing,3,2,382500.0
Least Loaded,+1 Increasing,3,3,382500.0
Least Loaded,+1 Increasing,3,4,382500.0
Least Loaded,+1 Increasing,3,5,382500.0
Least Loaded,+1 Increasing,3,6,382500.0
Least Loaded,+1 Increasing,3,7,382500.0
Least Loaded,+1 Increasing,3,8,382500.0
Least Loaded,+1 Increasing,3,9,382500.0
Least Loaded,-1 Decreasing,3,0,195075.0
Least Loaded,-1 Decreasing,3,1,195075.0
Least Loaded,-1 Decreasing,3,2,195075.0
Least Loaded,-1 Decreasing,3,3,195075.0
Least Loaded,-1 Decreasing,3,4,195075.0
Least Loaded,-1 Decreasing,3,5,195075.0
Least Loaded,-1 Decreasing,3,6,195075.0
Least Loaded,-1 Decreasing,3,7,195075.0
Least Loaded,-1 Decreasing,3,8,195075.0
Least Loaded,-1 Decreasing,3,9,195075.0
Least Loaded,Random Small,3,0,179545.0
Least Loaded,Random Small,3,1,193042.0
Least Loaded,Random Small,3,2,208708.0
Least Loaded,Random Small,3,3,182642.0
Least Loaded,Random Small,3,4,189489.0
Least Loaded,Random Small,3,5,181206.0
Least Loaded,Random Small,3,6,200973.0
Least Loaded,Random Small,3,7,192062.0
Least Loaded,Random Small,3,8,192589.0
Least Loaded,Random Small,3,9,200870.0
Least Loaded,Random Small Span Large,3,0,382679184.0
Least Loaded,Random Small Span Large,3,1,382692425.0
Least Loaded,Random Small Span Large,3,2,382708764.0
Least Loaded,Random Small Span Large,3,3,382682086.0
Least Loaded,Random Small Span Large,3,4,382689617.0
Least Loaded,Random Small Span Large,3,5,382680773.0
Least Loaded,Random Small Span Large,3,6,382700680.0
Least Loaded,Random Small Span Large,3,7,382691613.0
Least Loaded,Random Small Span Large,3,8,382692345.0
Least Loaded,Random Small Span Large,3,9,382700353.0
Least Loaded,Random Large Span Large,3,0,1832798443.0
Least Loaded,Random Large Span Large,3,1,1881708920.0
Least Loaded,Random Large Span Large,3,2,1943744098.0
Least Loaded,Random Large Span Large,3,3,1821896830.0
Least Loaded,Random Large Span Large,3,4,1861640949.0
Least Loaded,Random Large Span Large,3,5,1913808392.0
Least Loaded,Random Large Span Large,3,6,1793538630.0
Least Loaded,Random Large Span Large,3,7,1969530743.0
Least Loaded,Random Large Span Large,3,8,1939052251.0
Least Loaded,Random Large Span Large,3,9,2021005995.0
Least Loaded,"Random Half Low, Half High",3,0,2741371.0
Least Loaded,"Random Half Low, Half High",3,1,2757757.0
Least Loaded,"Random Half Low, Half High",3,2,2770429.0
Least Loaded,"Random Half Low, Half High",3,3,2747447.0
Least Loaded,"Random Half Low, Half High",3,4,2754427.0
Least Loaded,"Random Half Low, Half High",3,5,2744123.0
Least Loaded,"Random Half Low, Half High",3,6,2765719.0
Least Loaded,"Random Half Low, Half High",3,7,2755213.0
Least Loaded,"Random Half Low, Half High",3,8,2752928.0
Least Loaded,"Random Half Low, Half High",3,9,2764738.0
Least Loaded,"Random Half High, Half Low",3,0,1066163.0
Least Loaded,"Random Half High, Half Low",3,1,1053096.0
Least Loaded,"Random Half High, Half Low",3,2,1083185.0
Least Loaded,"Random Half High, Half Low",3,3,1056825.0
Least Loaded,"Random Half High, Half Low",3,4,1074450.0
Least Loaded,"Random Half High, Half Low",3,5,1055080.0
Least Loaded,"Random Half High, Half Low",3,6,1071551.0
Least Loaded,"Random Half High, Half Low",3,7,1068279.0
Least Loaded,"Random Half High, Half Low",3,8,1077921.0
Least Loaded,"Random Half High, Half Low",3,9,1072727.0
Least Loaded,Random Non-Decreasing Large Span,3,0,271264395.0
Least Loaded,Random Non-Decreasing Large Span,3,1,272589180.0
Least Loaded,Random Non-Decreasing Large Span,3,2,245131670.0
Least Loaded,Random Non-Decreasing Large Span,3,3,244749773.0
Least Loaded,Random Non-Decreasing Large Span,3,4,267902194.0
Least Loaded,Random Non-Decreasing Large Span,3,5,237870817.0
Least Loaded,Random Non-Decreasing Large Span,3,6,230721454.0
Least Loaded,Random Non-Decreasing Large Span,3,7,262988467.0
Least Loaded,Random Non-Decreasing Large Span,3,8,242839114.0
Least Loaded,Random Non-Decreasing Large Span,3,9,259911277.0
Least Loaded,Random Non-Increasing Large Span,3,0,141886299.0
Least Loaded,Random Non-Increasing Large Span,3,1,142931449.0
Least Loaded,Random Non-Increasing Large Span,3,2,130087825.0
Least Loaded,Random Non-Increasing Large Span,3,3,123194878.0
Least Loaded,Random Non-Increasing Large Span,3,4,144608858.0
Least Loaded,Random Non-Increasing Large Span,3,5,122163728.0
Least Loaded,Random Non-Increasing Large Span,3,6,107079749.0
Least Loaded,Random Non-Increasing Large Span,3,7,137879219.0
Least Loaded,Random Non-Increasing Large Span,3,8,121389830.0
Least Loaded,Random Non-Increasing Large Span,3,9,132637304.0
Lookahead 15,Constant,3,0,3825.0
Lookahead 15,Constant,3,1,3825.0
Lookahead 15,Constant,3,2,3825.0
Lookahead 15,Constant,3,3,3825.0
Lookahead 15,Constant,3,4,3825.0
Lookahead 15,Constant,3,5,3825.0
Lookahead 15,Constant,3,6,3825.0
Lookahead 15,Constant,3,7,3825.0
Lookahead 15,Constant,3,8,3825.0
Lookahead 15,Constant,3,9,3825.0
Lookahead 15,+1 Increasing,3,0,372794.0
Lookahead 15,+1 Increasing,3,1,372794.0
Lookahead 15,+1 Increasing,3,2,372794.0
Lookahead 15,+1 Increasing,3,3,372794.0
Lookahead 15,+1 Increasing,3,4,372794.0
Lookahead 15,+1 Increasing,3,5,372794.0
Lookahead 15,+1 Increasing,3,6,372794.0
Lookahead 15,+1 Increasing,3,7,372794.0
Lookahead 15,+1 Increasing,3,8,372794.0
Lookahead 15,+1 Increasing,3,9,372794.0
Lookahead 15,-1 Decreasing,3,0,195075.0
Lookahead 15,-1 Decreasing,3,1,195075.0
Lookahead 15,-1 Decreasing,3,2,195075.0
Lookahead 15,-1 Decreasing,3,3,195075.0
Lookahead 15,-1 Decreasing,3,4,195075.0
Lookahead 15,-1 Decreasing,3,5,195075.0
Lookahead 15,-1 Decreasing,3,6,195075.0
Lookahead 15,-1 Decreasing,3,7,195075.0
Lookahead 15,-1 Decreasing,3,8,195075.0
Lookahead 15,-1 Decreasing,3,9,195075.0
Lookahead 15,Random Small,3,0,167710.0
Lookahead 15,Random Small,3,1,176126.0
Lookahead 15,Random Small,3,2,196819.0
Lookahead 15,Random Small,3,3,168384.0
Lookahead 15,Random Small,3,4,177969.0
Lookahead 15,Random Small,3,5,166575.0
Lookahead 15,Random Small,3,6,188866.0
Lookahead 15,Random Small,3,7,178097.0
Lookahead 15,Random Small,3,8,179195.0
Lookahead 15,Random Small,3,9,188028.0
Lookahead 15,Random Small Span Large,3,0,382669127.0
Lookahead 15,Random Small Span Large,3,1,382680182.0
Lookahead 15,Random Small Span Large,3,2,382698760.0
Lookahead 15,Random Small Span Large,3,3,382671261.0
Lookahead 15,Random Small Span Large,3,4,382679835.0
Lookahead 15,Random Small Span Large,3,5,382669645.0
Lookahead 15,Random Small Span Large,3,6,382690884.0
Lookahead 15,Random Small Span Large,3,7,382680676.0
Lookahead 15,Random Small Span Large,3,8,382681252.0
Lookahead 15,Random Small Span Large,3,9,382690128.0
Lookahead 15,Random Large Span Large,3,0,1698345741.0
Lookahead 15,Random Large Span Large,3,1,1748100461.0
Lookahead 15,Random Large Span Large,3,2,1809029510.0
Lookahead 15,Random Large Span Large,3,3,1664505533.0
Lookahead 15,Random Large Span Large,3,4,1731654260.0
Lookahead 15,Random Large Span Large,3,5,1788336008.0
Lookahead 15,Random Large Span Large,3,6,1664173754.0
Lookahead 15,Random Large Span Large,3,7,1839509556.0
Lookahead 15,Random Large Span Large,3,8,1798906848.0
Lookahead 15,Random Large Span Large,3,9,1892927211.0
Lookahead 15,"Random Half Low, Half High",3,0,2657447.0
Lookahead 15,"Random Half Low, Half High",3,1,2660453.0
Lookahead 15,"Random Half Low, Half High",3,2,2669324.0
Lookahead 15,"Random Half Low, Half High",3,3,2659957.0
Lookahead 15,"Random Half Low, Half High",3,4,2685026.0
Lookahead 15,"Random Half Low, Half High",3,5,2660418.0
Lookahead 15,"Random Half Low, Half High",3,6,2678147.0
Lookahead 15,"Random Half Low, Half High",3,7,2677547.0
Lookahead 15,"Random Half Low, Half High",3,8,2674666.0
Lookahead 15,"Random Half Low, Half High",3,9,2683366.0
Lookahead 15,"Random Half High, Half Low",3,0,1055037.0
Lookahead 15,"Random Half High, Half Low",3,1,1041161.0
Lookahead 15,"Random Half High, Half Low",3,2,1073855.0
Lookahead 15,"Random Half High, Half Low",3,3,1045710.0
Lookahead 15,"Random Half High, Half Low",3,4,1065314.0
Lookahead 15,"Random Half High, Half Low",3,5,1042268.0
Lookahead 15,"Random Half High, Half Low",3,6,1062025.0
Lookahead 15,"Random Half High, Half Low",3,7,1058118.0
Lookahead 15,"Random Half High, Half Low",3,8,1066664.0
Lookahead 15,"Random Half High, Half Low",3,9,1061480.0
Lookahead 15,Random Non-Decreasing Large Span,3,0,264584420.0
Lookahead 15,Random Non-Decreasing Large Span,3,1,265739674.0
Lookahead 15,Random Non-Decreasing Large Span,3,2,239073353.0
Lookahead 15,Random Non-Decreasing Large Span,3,3,238248144.0
Lookahead 15,Random Non-Decreasing Large Span,3,4,261672490.0
Lookahead 15,Random Non-Decreasing Large Span,3,5,231580096.0
Lookahead 15,Random Non-Decreasing Large Span,3,6,223929068.0
Lookahead 15,Random Non-Decreasing Large Span,3,7,255872276.0
Lookahead 15,Random Non-Decreasing Large Span,3,8,236251323.0
Lookahead 15,Random Non-Decreasing Large Span,3,9,253162031.0
Lookahead 15,Random Non-Increasing Large Span,3,0,141886299.0
Lookahead 15,Random Non-Increasing Large Span,3,1,142931433.0
Lookahead 15,Random Non-Increasing Large Span,3,2,130087825.0
Lookahead 15,Random Non-Increasing Large Span,3,3,123194878.0
Lookahead 15,Random Non-Increasing Large Span,3,4,144608858.0
Lookahead 15,Random Non-Increasing Large Span,3,5,122163683.0
Lookahead 15,Random Non-Increasing Large Span,3,6,107079749.0
Lookahead 15,Random Non-Increasing Large Span,3,7,137878571.0
Lookahead 15,Random Non-Increasing Large Span,3,8,121389830.0
Lookahead 15,Random Non-Increasing Large Span,3,9,132637304.0
Lookahead 5,Constant,3,0,3825.0
Lookahead 5,Constant,3,1,3825.0
Lookahead 5,Constant,3,2,3825.0
Lookahead 5,Constant,3,3,3825.0
Lookahead 5,Constant,3,4,3825.0
Lookahead 5,Constant,3,5,3825.0
Lookahead 5,Constant,3,6,3825.0
Lookahead 5,Constant,3,7,3825.0
Lookahead 5,Constant,3,8,3825.0
Lookahead 5,Constant,3,9,3825.0
Lookahead 5,+1 Increasing,3,0,381555.0
Lookahead 5,+1 Increasing,3,1,381555.0
Lookahead 5,+1 Increasing,3,2,381555.0
Lookahead 5,+1 Increasing,3,3,381555.0
Lookahead 5,+1 Increasing,3,4,381555.0
Lookahead 5,+1 Increasing,3,5,381555.0
Lookahead 5,+1 Increasing,3,6,381555.0
Lookahead 5,+1 Increasing,3,7,381555.0
Lookahead 5,+1 Increasing,3,8,381555.0
Lookahead 5,+1 Increasing,3,9,381555.0
Lookahead 5,-1 Decreasing,3,0,195075.0
Lookahead 5,-1 Decreasing,3,1,195075.0
Lookahead 5,-1 Decreasing,3,2,195075.0
Lookahead 5,-1 Decreasing,3,3,195075.0
Lookahead 5,-1 Decreasing,3,4,195075.0
Lookahead 5,-1 Decreasing,3,5,195075.0
Lookahead 5,-1 Decreasing,3,6,195075.0
Lookahead 5,-1 Decreasing,3,7,195075.0
Lookahead 5,-1 Decreasing,3,8,195075.0
Lookahead 5,-1 Decreasing,3,9,195075.0
Lookahead 5,Random Small,3,0,175362.0
Lookahead 5,Random Small,3,1,187374.0
Lookahead 5,Random Small,3,2,205071.0
Lookahead 5,Random Small,3,3,177977.0
Lookahead 5,Random Small,3,4,185999.0
Lookahead 5,Random Small,3,5,176349.0
Lookahead 5,Random Small,3,6,197079.0
Lookahead 5,Random Small,3,7,187652.0
Lookahead 5,Random Small,3,8,188237.0
Lookahead 5,Random Small,3,9,196205.0
Lookahead 5,Random Small Span Large,3,0,382675979.0
Lookahead 5,Random Small Span Large,3,1,382689064.0
Lookahead 5,Random Small Span Large,3,2,382705618.0
Lookahead 5,Random Small Span Large,3,3,382678727.0
Lookahead 5,Random Small Span Large,3,4,382686689.0
Lookahead 5,Random Small Span Large,3,5,382677133.0
Lookahead 5,Random Small Span Large,3,6,382697611.0
Lookahead 5,Random Small Span Large,3,7,382688219.0
Lookahead 5,Random Small Span Large,3,8,382688956.0
Lookahead 5,Random Small Span Large,3,9,382696943.0
Lookahead 5,Random Large Span Large,3,0,1792224071.0
Lookahead 5,Random Large Span Large,3,1,1844213588.0
Lookahead 5,Random Large Span Large,3,2,1898660147.0
Lookahead 5,Random Large Span Large,3,3,1775519578.0
Lookahead 5,Random Large Span Large,3,4,1816567258.0
Lookahead 5,Random Large Span Large,3,5,1874080330.0
Lookahead 5,Random Large Span Large,3,6,1749557828.0
Lookahead 5,Random Large Span Large,3,7,1921419957.0
Lookahead 5,Random Large Span Large,3,8,1898231353.0
Lookahead 5,Random Large Span Large,3,9,1980704983.0
Lookahead 5,"Random Half Low, Half High",3,0,2734500.0
Lookahead 5,"Random Half Low, Half High",3,1,2745270.0
Lookahead 5,"Random Half Low, Half High",3,2,2763758.0
Lookahead 5,"Random Half Low, Half High",3,3,2739704.0
Lookahead 5,"Random Half Low, Half High",3,4,2745068.0
Lookahead 5,"Random Half Low, Half High",3,5,2731379.0
Lookahead 5,"Random Half Low, Half High",3,6,2755891.0
Lookahead 5,"Random Half Low, Half High",3,7,2746680.0
Lookahead 5,"Random Half Low, Half High",3,8,2747153.0
Lookahead 5,"Random Half Low, Half High",3,9,2755304.0
Lookahead 5,"Random Half High, Half Low",3,0,1062578.0
Lookahead 5,"Random Half High, Half Low",3,1,1048557.0
Lookahead 5,"Random Half High, Half Low",3,2,1080153.0
Lookahead 5,"Random Half High, Half Low",3,3,1052617.0
Lookahead 5,"Random Half High, Half Low",3,4,1071271.0
Lookahead 5,"Random Half High, Half Low",3,5,1050618.0
Lookahead 5,"Random Half High, Half Low",3,6,1068195.0
Lookahead 5,"Random Half High, Half Low",3,7,1065115.0
Lookahead 5,"Random Half High, Half Low",3,8,1073461.0
Lookahead 5,"Random Half High, Half Low",3,9,1068843.0
Lookahead 5,Random Non-Decreasing Large Span,3,0,270633572.0
Lookahead 5,Random Non-Decreasing Large Span,3,1,271927466.0
Lookahead 5,Random Non-Decreasing Large Span,3,2,244534333.0
Lookahead 5,Random Non-Decreasing Large Span,3,3,244130504.0
Lookahead 5,Random Non-Decreasing Large Span,3,4,267277442.0
Lookahead 5,Random Non-Decreasing Large Span,3,5,237218548.0
Lookahead 5,Random Non-Decreasing Large Span,3,6,230099788.0
Lookahead 5,Random Non-Decreasing Large Span,3,7,262292550.0
Lookahead 5,Random Non-Decreasing Large Span,3,8,242197178.0
Lookahead 5,Random Non-Decreasing Large Span,3,9,259289862.0
Lookahead 5,Random Non-Increasing Large Span,3,0,141886299.0
Lookahead 5,Random Non-Increasing Large Span,3,1,142931433.0
Lookahead 5,Random Non-Increasing Large Span,3,2,130087825.0
Lookahead 5,Random Non-Increasing Large Span,3,3,123194878.0
Lookahead 5,Random Non-Increasing Large Span,3,4,144608858.0
Lookahead 5,Random Non-Increasing Large Span,3,5,122163683.0
Lookahead 5,Random Non-Increasing Large Span,3,6,107079749.0
Lookahead 5,Random Non-Increasing Large Span,3,7,137878571.0
Lookahead 5,Random Non-Increasing Large Span,3,8,121389830.0
Lookahead 5,Random Non-Increasing Large Span,3,9,132637304.0
Simple Sort & Split,Constant,3,0,3825.0
Simple Sort & Split,Constant,3,1,3825.0
Simple Sort & Split,Constant,3,2,3825.0
Simple Sort & Split,Constant,3,3,3825.0
Simple Sort & Split,Constant,3,4,3825.0
Simple Sort & Split,Constant,3,5,3825.0
Simple Sort & Split,Constant,3,6,3825.0
Simple Sort & Split,Constant,3,7,3825.0
Simple Sort & Split,Constant,3,8,3825.0
Simple Sort & Split,Constant,3,9,3825.0
Simple Sort & Split,+1 Increasing,3,0,320025.0
Simple Sort & Split,+1 Increasing,3,1,320025.0
Simple Sort & Split,+1 Increasing,3,2,320025.0
Simple Sort & Split,+1 Increasing,3,3,320025.0
Simple Sort & Split,+1 Increasing,3,4,320025.0
Simple Sort & Split,+1 Increasing,3,5,320025.0
Simple Sort & Split,+1 Increasing,3,6,320025.0
Simple Sort & Split,+1 Increasing,3,7,320025.0
Simple Sort & Split,+1 Increasing,3,8,320025.0
Simple Sort & Split,+1 Increasing,3,9,320025.0
Simple Sort & Split,-1 Decreasing,3,0,257550.0
Simple Sort & Split,-1 Decreasing,3,1,257550.0
Simple Sort & Split,-1 Decreasing,3,2,257550.0
Simple Sort & Split,-1 Decreasing,3,3,257550.0
Simple Sort & Split,-1 Decreasing,3,4,257550.0
Simple Sort & Split,-1 Decreasing,3,5,257550.0
Simple Sort & Split,-1 Decreasing,3,6,257550.0
Simple Sort & Split,-1 Decreasing,3,7,257550.0
Simple Sort & Split,-1 Decreasing,3,8,257550.0
Simple Sort & Split,-1 Decreasing,3,9,257550.0
Simple Sort & Split,Random Small,3,0,184201.0
Simple Sort & Split,Random Small,3,1,186536.0
Simple Sort & Split,Random Small,3,2,208198.0
Simple Sort & Split,Random Small,3,3,182286.0
Simple Sort & Split,Random Small,3,4,191095.0
Simple Sort & Split,Random Small,3,5,181602.0
Simple Sort & Split,Random Small,3,6,196610.0
Simple Sort & Split,Random Small,3,7,192241.0
Simple Sort & Split,Random Small,3,8,196814.0
Simple Sort & Split,Random Small,3,9,197597.0
Simple Sort & Split,Random Small Span Large,3,0,382684201.0
Simple Sort & Split,Random Small Span Large,3,1,382686536.0
Simple Sort & Split,Random Small Span Large,3,2,382708198.0
Simple Sort & Split,Random Small Span Large,3,3,382682286.0
Simple Sort & Split,Random Small Span Large,3,4,382691095.0
Simple Sort & Split,Random Small Span Large,3,5,382681602.0
Simple Sort & Split,Random Small Span Large,3,6,382696610.0
Simple Sort & Split,Random Small Span Large,3,7,382692241.0
Simple Sort & Split,Random Small Span Large,3,8,382696814.0
Simple Sort & Split,Random Small Span Large,3,9,382697597.0
Simple Sort & Split,Random Large Span Large,3,0,1887247808.0
Simple Sort & Split,Random Large Span Large,3,1,1877379330.0
Simple Sort & Split,Random Large Span Large,3,2,1943096216.0
Simple Sort & Split,Random Large Span Large,3,3,1792942736.0
Simple Sort & Split,Random Large Span Large,3,4,1955680430.0
Simple Sort & Split,Random Large Span Large,3,5,1948249342.0
Simple Sort & Split,Random Large Span Large,3,6,1806938695.0
Simple Sort & Split,Random Large Span Large,3,7,1956227184.0
Simple Sort & Split,Random Large Span Large,3,8,1876447616.0
Simple Sort & Split,Random Large Span Large,3,9,1952222748.0
Simple Sort & Split,"Random Half Low, Half High",3,0,2163738.0
Simple Sort & Split,"Random Half Low, Half High",3,1,2172186.0
Simple Sort & Split,"Random Half Low, Half High",3,2,2190213.0
Simple Sort & Split,"Random Half Low, Half High",3,3,2168830.0
Simple Sort & Split,"Random Half Low, Half High",3,4,2177064.0
Simple Sort & Split,"Random Half Low, Half High",3,5,2162273.0
Simple Sort & Split,"Random Half Low, Half High",3,6,2184373.0
Simple Sort & Split,"Random Half Low, Half High",3,7,2172217.0
Simple Sort & Split,"Random Half Low, Half High",3,8,2175120.0
Simple Sort & Split,"Random Half Low, Half High",3,9,2177774.0
Simple Sort & Split,"Random Half High, Half Low",3,0,1647070.0
Simple Sort & Split,"Random Half High, Half Low",3,1,1637922.0
Simple Sort & Split,"Random Half High, Half Low",3,2,1668095.0
Simple Sort & Split,"Random Half High, Half Low",3,3,1634444.0
Simple Sort & Split,"Random Half High, Half Low",3,4,1651841.0
Simple Sort & Split,"Random Half High, Half Low",3,5,1639245.0
Simple Sort & Split,"Random Half High, Half Low",3,6,1652742.0
Simple Sort & Split,"Random Half High, Half Low",3,7,1652936.0
Simple Sort & Split,"Random Half High, Half Low",3,8,1660606.0
Simple Sort & Split,"Random Half High, Half Low",3,9,1659874.0
Simple Sort & Split,Random Non-Decreasing Large Span,3,0,226979769.0
Simple Sort & Split,Random Non-Decreasing Large Span,3,1,229344035.0
Simple Sort & Split,Random Non-Decreasing Large Span,3,2,206800081.0
Simple Sort & Split,Random Non-Decreasing Large Span,3,3,204834659.0
Simple Sort & Split,Random Non-Decreasing Large Span,3,4,226087314.0
Simple Sort & Split,Random Non-Decreasing Large Span,3,5,201408451.0
Simple Sort & Split,Random Non-Decreasing Large Span,3,6,190346436.0
Simple Sort & Split,Random Non-Decreasing Large Span,3,7,221471199.0
Simple Sort & Split,Random Non-Decreasing Large Span,3,8,202311084.0
Simple Sort & Split,Random Non-Decreasing Large Span,3,9,215756706.0
Simple Sort & Split,Random Non-Increasing Large Span,3,0,186170925.0
Simple Sort & Split,Random Non-Increasing Large Span,3,1,186176578.0
Simple Sort & Split,Random Non-Increasing Large Span,3,2,168419414.0
Simple Sort & Split,Random Non-Increasing Large Span,3,3,163109992.0
Simple Sort & Split,Random Non-Increasing Large Span,3,4,186423738.0
Simple Sort & Split,Random Non-Increasing Large Span,3,5,158626049.0
Simple Sort & Split,Random Non-Increasing Large Span,3,6,147454767.0
Simple Sort & Split,Random Non-Increasing Large Span,3,7,179395839.0
Simple Sort & Split,Random Non-Increasing Large Span,3,8,161917860.0
Simple Sort & Split,Random Non-Increasing Large Span,3,9,176791875.0
